1-fix-length.json	1	model	mimo-v2.5-pro-length-fix	52	spec,chapter,source,generator
1-fix-v2.json	1			227	spec,chapter,source,generator,updatedAt
1.json	1	model	mimo-v2.5-pro	60	spec,chapter,source,generator
10-fix-length.json	10	model	mimo-v2.5-pro-length-fix	48	spec,chapter,source,generator
10.json	10	model	MiMo-v2.5-pro	60	spec,chapter,source,generator
1-2.json	1	model	MiMo-v2.5-pro	60	spec,chapter,source,generator
1-3.json	1	model	MiMo	60	spec,chapter,source,generator
1-4.json	1	model	mimo-v2.5-pro	47	spec,chapter,source,generator
10-2.json	10	model	MiMo-v2.5-pro	75	spec,chapter,source,generator
11-fix-length.json	11	model	mimo-v2.5-pro-length-fix	29	spec,chapter,source,generator
11-fix-v2.json	11			91	spec,chapter,source,generator,updatedAt
11.json	11	model	MiMo-v2.5-pro	60	spec,chapter,source,generator
11-2.json	11	model	MiMo-v2.5-pro	31	spec,chapter,source,generator
12-fix-length.json	12	model	mimo-v2.5-pro-length-fix	25	spec,chapter,source,generator
12.json	12	model	MiMo-v2.5-pro	60	spec,chapter,source,generator
12-2.json	12	model	MiMo-v2.5-pro	60	spec,chapter,source,generator
12-3.json	12	model	MiMo-v2.5-pro	52	spec,chapter,source,generator
13-fix-length.json	13	model	mimo-v2.5-pro-length-fix	33	spec,chapter,source,generator
13-fix-v2.json	13			132	spec,chapter,source,generator,updatedAt
13.json	13	model	mimo-v2.5-pro	60	spec,chapter,source,generator
13-2.json	13	model	mimo-v2.5-pro	72	spec,chapter,source,generator
14-fix-length.json	14	model	mimo-v2.5-pro-length-fix	47	spec,chapter,source,generator
14.json	14	model	MiMo-v2.5-pro	60	spec,chapter,source,generator
14-2.json	14	model	MiMo-v2.5-pro	79	spec,chapter,source,generator
15-fix-length.json	15	model	mimo-v2.5-pro-length-fix	8	spec,chapter,source,generator
15-fix-v2.json	15			135	spec,chapter,source,generator,updatedAt
15.json	15	model	mimo-v2.5-pro	60	spec,chapter,source,generator
15-2.json	15	model	mimo-v2.5-pro	60	spec,chapter,source,generator
15-4.json	15	model	MiMo-v2.5-pro	15	spec,chapter,source,generator
16-fix-61-110.json	16	model	mimo-v2.5-pro-fix	50	spec,chapter,source,generator
16-fix-length.json	16	model	mimo-v2.5-pro-length-fix	44	spec,chapter,source,generator
16-fix-v2.json	16			171	spec,chapter,source,generator,updatedAt
16.json	16	model	mimo-v2.5-pro	60	spec,chapter,source,generator
16-2.json	16	model	mimo-v2.5-pro	60	spec,chapter,source,generator
16-3.json	16	model	mimo-v2.5-pro	51	spec,chapter,source,generator
17-fix-length.json	17	model	mimo-v2.5-pro-length-fix	6	spec,chapter,source,generator
17.json	17	model	mimo-v2.5-pro	60	spec,chapter,source,generator
17-2.json	17	model	mimo-v2.5-pro	41	spec,chapter,source,generator
18-fix-length.json	18	model	mimo-v2.5-pro-length-fix	46	spec,chapter,source,generator
18-fix-v2.json	18			186	spec,chapter,source,generator,updatedAt
18.json	18	model	mimo-v2.5-pro	60	spec,chapter,source,generator
18-2.json	18	model	mimo-v2.5-pro	60	spec,chapter,source,generator
18-3.json	18	model	MiMo-v2.5-pro	66	spec,chapter,source,generator
19-fix-length.json	19	model	mimo-v2.5-pro-length-fix	124	spec,chapter,source,generator
19-fix-v2.json	19			124	spec,chapter,source,generator,updatedAt
19.json	19	model	mimo-v2.5-pro	60	spec,chapter,source,generator
19-2.json	19	model	mimo-v2.5-pro	64	spec,chapter,source,generator
2-fix-length.json	2	model	mimo-v2.5-pro-length-fix	42	spec,chapter,source,generator
2-fix-v2.json	2			130	spec,chapter,source,generator,updatedAt
2.json	2	model	MiMo-v2.5-pro	60	spec,chapter,source,generator
20-fix-length.json	20	model	mimo-v2.5-pro-length-fix	268	spec,chapter,source,generator
20-fix-v2.json	20			268	spec,chapter,source,generator,updatedAt
20.json	20	model	MiMo-v2.5-pro	60	spec,chapter,source,generator
2-2.json	2	model	MiMo-v2.5-pro	70	spec,chapter,source,generator
20-2.json	20	model	MiMo-v2.5-pro	60	spec,chapter,source,generator
20-3.json	20	model	mimo-v2.5-pro	60	spec,chapter,source,generator
20-4.json	20	model	MiMo-v2.5-pro	88	spec,chapter,source,generator
21-fix-length.json	21	model	mimo-v2.5-pro-length-fix	417	spec,chapter,source,generator
21-fix-v2.json	21			417	spec,chapter,source,generator,updatedAt
21-1.json	21	model	mimo-v2.5-pro	50	spec,chapter,source,generator,updatedAt
21-10.json	21	model	MiMo-v2.5-pro	60	spec,chapter,source,generator
21-2.json	21	model	MiMo-v2.5-pro	60	spec,chapter,source,generator
21-3.json	21	model	mimo-v2.5-pro	60	spec,chapter,source,generator,updatedAt
21-4.json	21	model	mimo-v2.5-pro	60	spec,chapter,source,generator
21-5.json	21	model	mimo-v2.5-pro	60	spec,chapter,source,generator
21-6.json	21	model	mimo-v2.5-pro	60	spec,chapter,source,generator
21-7.json	21	model	mimo-v2.5-pro	67	spec,chapter,source,generator
21-8.json	21	model	mimo-v2.5-pro	60	spec,chapter,source,generator
21-9.json	21	model	MiMo-v2.5-pro	60	spec,chapter,source,generator
22-fix-length.json	22	model	mimo-v2.5-pro-length-fix	57	spec,chapter,source,generator
22-fix-v2.json	22			57	spec,chapter,source,generator,updatedAt
22.json	22	model	mimo-v2.5-pro	57	spec,chapter,source,generator
3-fix-length.json	3	model	mimo-v2.5-pro-length-fix	65	spec,chapter,source,generator
3-fix-v2.json	3			168	spec,chapter,source,generator,updatedAt
3.json	3	model	MiMo-v2.5-pro	60	spec,chapter,source,generator
3-2.json	3	model	MiMo-v2.5-pro	60	spec,chapter,source,generator
3-3.json	3	model	MiMo-v2.5-pro	48	spec,chapter,source,generator
4-fix-length.json	4	model	mimo-v2.5-pro-length-fix	21	spec,chapter,source,generator
4-fix-v2.json	4			70	spec,chapter,source,generator,updatedAt
4.json	4	model	mimo-v2.5-pro	60	spec,chapter,source,generator
4-2.json	4	model	mimo-v2.5-pro	10	spec,chapter,source,generator
5-fix-length.json	5	model	mimo-v2.5-pro-length-fix	123	spec,chapter,source,generator
5-fix-v2.json	5			401	spec,chapter,source,generator,updatedAt
5.json	5	model	mimo-v2.5-pro	60	source,spec,generator,chapter
5-2.json	5	model	mimo-v2.5-pro	60	spec,chapter,source,generator
5-3.json	5	model	mimo-v2.5-pro	60	spec,chapter,source,generator
5-4.json	5	model	MiMo-v2.5-pro	60	spec,chapter,source,generator
5-5.json	5	model	mimo-v2.5-pro	60	spec,chapter,source,generator
5-6.json	5	model	mimo-v2.5-pro	60	spec,chapter,source,generator
5-7.json	5	model	mimo-v2.5-pro	41	spec,chapter,source,generator
6-fix-length.json	6	model	mimo-v2.5-pro-length-fix	23	spec,chapter,source,generator
6.json	6	model	MiMo-v2.5-pro	60	spec,chapter,source,generator,updatedAt
6-2.json	6	model	MiMo-v2.5-pro	62	spec,chapter,source,generator,updatedAt
7-fix-length.json	7	model	mimo-v2.5-pro-length-fix	31	spec,chapter,source,generator
7.json	7	model	MiMo-v2.5-pro	60	spec,chapter,source,generator
7-2.json	7	model	MiMo-v2.5-pro	19	spec,chapter,source,generator
8-fix-length.json	8	model	mimo-v2.5-pro-length-fix	17	spec,chapter,source,generator
8.json	8	model	MiMo-v2.5-pro	60	spec,chapter,source,generator
8-2.json	8	model	MiMo-v2.5-pro	8	spec,chapter,source,generator
9-fix-length.json	9	model	mimo-v2.5-pro-length-fix	61	spec,chapter,source,generator
9.json	9	model	mimo-v2.5-pro	60	spec,chapter,source,generator
9-2.json	9	model	mimo-v2.5-pro	60	spec,chapter,source,generator
9-3.json	9	model	mimo-v2.5-pro	55	spec,chapter,source,generator